"","NMDS1","NMDS2","NMDS3"
"1996-05-21",-0.687512825347416,-0.0931534384147701,0.112625180051989
"1996-06-11",-0.210236569150743,-0.12220176713169,0.393174898181644
"1996-07-11",0.0530615950773794,-0.0304188445021048,0.126742060488829
"1996-07-25",0.500442379205768,0.00908082022723479,0.135637269728231
"1996-08-12",0.227216820749367,-0.0258081633187237,-0.0238055367595589
"1996-08-26",0.29507698783222,-0.219197575364839,0.103367829506104
"1996-09-05",0.323649951524623,-0.0393226607872997,-0.0932534740649207
"1996-09-19",0.0658336330782654,-0.0495065365101962,-0.15193661784057
"1996-10-07",0.0111640469459918,0.0439261855579348,-0.0311230320337974
"1996-10-31",0.0123820625992238,-0.119936315066254,-0.0270266837026949
"1996-11-26",-0.391611641671643,0.23669368953665,0.0576425714061741
"1996-12-19",-0.488241972668122,0.108268684687386,0.0261106129768164
"1997-02-24",-0.477587039532803,0.0244117172330518,-0.314461185901104
"1997-03-21",-0.259507995315796,0.387543937799977,-0.0907245048888668
"1997-04-04",-0.393144202868972,0.181694297056828,0.275758350132015
"1997-04-25",-0.33874892275417,0.498329938593732,0.166139801690006
"1997-05-05",-0.249590313910217,0.131577163174268,0.441748087717895
"1997-05-15",0.00911188416060144,0.611478919301195,0.114644653162065
"1997-05-28",0.357446196936539,0.234991051686856,-0.00422157852995629
"1997-06-11",0.488200577410941,0.223112091082589,-0.519073905228832
"1997-06-27",0.418237374762709,0.147843878690642,-0.267985639029177
"1997-07-15",0.157014149632395,-0.220666730044491,-0.215820512626087
"1997-07-17",0.309377864985347,-0.00131619126261763,-0.270490868391911
"1997-07-23",0.398898109333454,0.00557943901575309,-0.126782142823218
"1997-07-29",-0.043628312580816,0.028536439511803,0.0575170366836713
"1997-07-30",0.249162727184631,0.040403527592732,0.160175170672905
"1997-08-06",0.0931087345341798,0.0242788894178068,-0.0302221955780588
"1997-08-12",0.181081231873355,-0.0338554016559415,0.262334280151961
"1997-08-14",0.05414839910548,0.0422798825388635,0.0524159640365694
"1997-08-21",0.0617733779538463,0.0971904907793424,-0.0220677214983736
"1997-08-27",0.245025764175442,-0.0380926572880071,-0.335617027952012
"1997-08-28",-0.0390570189335111,-0.0774328183837738,-0.324789758790995
"1997-09-02",-0.370434518149056,-0.0166385423520738,-0.115544208067003
"1997-09-09",-0.371773493262988,-0.326847905445256,-0.242350820371139
"1997-10-15",-0.614627071636421,-0.155346347195917,-0.206110438535376
"1997-11-03",-0.671985385728258,-0.236877940878375,-0.179480451188672
"1997-11-15",-0.678406227974824,0.147003525702564,-0.0202601730643718
"1997-12-12",-0.964557846143065,0.209831525389,0.0809346998910218
"1998-01-30",-0.86272290799754,0.180311236283292,0.0562151652248089
"1998-03-05",-0.843054478455892,0.151413623137667,0.178552641110598
"1998-03-18",-0.78879138444105,0.358570527174855,-0.114620024145726
"1998-04-05",-0.752401717065856,0.166724394097335,-0.0374546824424344
"1998-04-10",-0.805983980930385,-0.236817693722972,-0.352359910962356
"1998-04-21",-0.529590914481563,-0.187544190045914,0.0789173257925783
"1998-04-29",-0.698435056102537,-0.158567537851711,0.386014747130542
"1998-05-12",-0.487305073645858,0.0583334155013426,0.215739559427846
"1998-05-27",-0.388740978614242,-0.362793946166876,0.0711413413705592
"1998-06-02",-0.303752846301167,-0.154568526383359,0.0769764808488266
"1998-06-12",-0.343599028055335,-0.13816009689364,0.252018032092639
"1998-06-23",-0.504599376114379,-0.147159101874593,0.353000994562984
"1998-07-06",-0.358513496340564,-0.448908830294232,0.0766304783569324
"1998-07-20",-0.291684389084745,-0.225153518718212,0.0737526898086126
"1998-07-28",0.00879141893691578,-0.239016780937459,0.0199600801567189
"1998-08-06",-0.132193183608883,-0.0248419171947085,-0.0381684297722394
"1998-08-14",-0.396662851058013,-0.0399464998328631,-0.00566350514481603
"1998-08-27",-0.208550563365711,-0.116356887133012,0.0461515334540579
"1998-09-10",-0.126743974637231,-0.0917806289760514,-0.00409478891226645
"1998-09-20",0.0746156458145529,-0.338095396290025,-0.335825937109025
"1998-09-24",-0.302319298020043,-0.0866741657583246,0.167278235375665
"1998-09-26",-0.240564225588213,0.131111059908172,-0.225365346449604
"1998-10-05",-0.127504694975684,-0.0793995800123708,-0.124416829910954
"1998-11-03",-0.335012561019217,0.028027304298552,-0.0890691993736334
"1998-11-16",-0.442097884106152,0.0162898513538542,0.0387210220391356
"1998-12-17",-0.548524781924151,0.192759651456034,-0.25827324555401
"1999-02-17",-0.460435161331252,0.327725355315306,0.00149256012797143
"1999-03-11",-0.558432368864432,0.507906754460684,-0.135727314177187
"1999-04-01",-0.252536167371907,0.121412600599112,-0.298393060380767
"1999-04-19",-0.410389668028172,0.483540234842819,-0.0934952689403253
"1999-04-29",-0.05032197904393,0.232164241258553,0.415582642516839
"1999-05-14",0.131156026155137,0.141596915173152,-0.213856838023293
"1999-05-23",0.408090528421799,0.188405418553539,-0.198811257717591
"1999-06-10",0.583049608064583,0.0860941545339954,0.026833277944289
"1999-06-23",0.612467038889247,-0.0254710953672567,-0.0256384324607265
"1999-07-03",0.615109106850625,0.085065976199526,-0.0328949702638653
"1999-07-09",0.407400069185574,-0.0112791930544194,0.219978059860084
"1999-07-15",0.424179705837057,0.00426820227008868,0.126264907481272
"1999-07-19",0.591418050317775,0.26325695122176,0.0115149570776167
"1999-07-26",0.33121412561613,0.134440028211474,0.125174595521147
"1999-08-05",0.572327533522304,0.357660343788087,0.120851862095798
"1999-08-19",0.607549030351065,0.0981534424876647,-0.0395715249608834
"1999-09-01",0.575347259681706,0.267128838715549,0.0839765044470752
"1999-09-08",0.388245871127075,0.369906780724564,0.272466934097903
"1999-09-22",0.534157774700185,0.284808452538237,0.141574341542749
"1999-09-29",0.381271228717843,0.0778278645488526,-0.00421728332325148
"1999-10-15",0.248622372748388,0.0607067573216635,0.0206562533915296
"1999-11-04",0.578552192947677,0.428143082955262,-0.314524479990987
"1999-12-20",-0.333475591121739,0.340755906747829,0.189030289773874
"2000-01-20",-0.223271517393238,0.454745428385997,0.068360765285746
"2000-02-01",-0.289170862861813,0.358449754416963,-0.132467355720038
"2000-02-16",-0.458655950622366,0.49995442766085,-0.00943847669818603
"2000-03-07",-0.593104795289252,0.685501393272143,-0.261452436247298
"2000-04-06",-0.185531312192498,0.304017120411342,0.398961868319561
"2000-04-11",0.39737888516524,0.375469570846369,0.430473557911438
"2000-04-30",0.100887939205484,0.660787792427712,0.245531446747023
"2000-05-17",0.200893232753416,0.727080618196766,-0.0202258762593751
"2000-05-22",0.463635780803234,0.272944326536566,0.0881843800923927
"2000-06-03",0.603846901545793,0.59906212790458,-0.0676009724184193
"2000-06-12",0.448747118647732,0.155794318322342,-0.136046678561476
"2000-06-17",0.658624924701252,0.119377895498346,-0.110158262769163
"2000-06-18",0.694161843128742,0.281313671161211,-0.352670911825802
"2000-06-23",0.588375502302955,-0.0547725101661537,0.10244035888905
"2000-07-07",0.524531241657018,0.226815785901424,0.230550762896092
"2000-07-19",0.577919846646009,0.103343528619673,0.0836313233247891
"2000-08-04",0.5095131551754,0.0892819868536062,-0.0776566605964494
"2000-08-12",0.419827713270863,-0.00572189299639329,0.0395641821157038
"2000-08-18",0.366684701357882,-0.0809241958537101,0.0792929154874073
"2000-08-28",0.33846222998477,0.0240901228268896,0.00215493227573814
"2000-09-07",0.465032468644237,-0.0491165102928655,-0.0900330055881018
"2000-09-23",0.39083695038285,-0.00627820099154155,-0.0760002913303699
"2000-09-25",0.329854068826675,0.146762604386819,-0.127253850408488
"2000-10-06",0.332950269895432,0.134023943937519,-0.107566181853462
"2000-10-23",0.432848138573158,0.190300208904133,-0.26891415468479
"2000-11-07",-0.206182980596398,0.337540242943075,-0.322571592783364
"2000-12-06",-0.398599068764273,0.0735571851556683,0.0507936671152451
"2001-01-16",-0.426433165124272,0.228996926710204,0.147772165670176
"2001-01-27",-0.566875717068065,0.211850919724777,0.25072287711567
"2001-02-14",-0.371134708917222,0.154879208881478,-0.0336830432296789
"2001-02-28",-0.40066061080602,0.403674849285607,-0.0461208996420986
"2001-03-12",-0.402048417275302,0.360973500728669,-0.0600033831461735
"2001-03-20",-0.151841910942775,0.165032606782028,-0.327928371244337
"2001-04-03",0.0220007530837257,0.217531127113687,-0.205077546381435
"2001-04-11",0.110352722472608,0.106686631902619,-0.296606702227765
"2001-04-25",0.138461762240508,-0.0217021387612219,0.160049208389555
"2001-05-09",0.258948996256875,-0.0873310611714903,0.138184785011126
"2001-05-18",0.538730627585013,0.0611883661335342,0.0469613958246402
"2001-06-04",0.403842579917841,-0.0212556140965773,-0.00141446065370764
"2001-06-13",0.618159894463251,-0.0171313509467849,-0.08350759962566
"2001-06-16",0.493424549298248,0.187337378032144,0.186760054009675
"2001-06-26",0.363696441542769,-0.0119570361978221,0.07934955894319
"2001-07-01",0.481326028809112,-0.0674879424415784,-0.110222308504215
"2001-07-06",0.488421787532189,-0.112142716088553,0.170947453572831
"2001-07-18",0.365395175725272,-0.0225957381403899,0.11552844963191
"2001-07-30",0.573256357273833,-0.183706965187189,0.142912233164031
"2001-08-05",0.533186744566906,-0.185144437248701,-0.13809470862607
"2001-08-09",0.471639617165873,-0.275682269056102,0.13110314495863
"2001-08-24",0.440894956987938,-0.0395338393841811,0.0179113095742757
"2001-09-05",0.461991980103465,0.0321758070761634,0.207078312949294
"2001-09-18",0.402701098643194,-0.0757485375665722,-0.0392915716408576
"2001-09-25",0.322886961763904,0.178524046066162,0.136215628932971
"2001-09-28",0.413779878531813,0.124935233219328,-0.145649121505996
"2001-10-02",0.351763238281691,0.155832774022858,-0.100967082275859
"2001-10-29",0.387108056362807,0.00155295056629125,-0.258810577839711
"2001-11-07",0.333368348499444,0.012688394724055,-0.0215810207128775
"2001-11-27",-0.286269316023774,0.0531916249260511,0.0338107860433766
"2002-01-14",-0.477085956954145,-0.00331541758656761,0.0838128634517766
"2002-01-29",-0.484552836996994,0.22210864472791,0.106196404561113
"2002-02-19",-0.510344456422345,0.167918564519106,0.0741662969998893
"2002-03-04",-0.363636640049477,0.21984347714209,0.35876822421032
"2002-03-20",-0.0911928443021675,0.33240646729658,0.0580749935017397
"2002-03-27",-0.358409831228396,0.266117519898816,0.0659057138888813
"2002-04-04",-0.08677788285859,0.0268486787614188,0.255781184465892
"2002-04-18",0.00920965588335509,0.493456303344682,-0.0511387989056733
"2002-04-30",0.0606314311328844,0.0751283622200272,0.295653502660246
"2002-05-09",0.221556374919864,-0.0778863126073264,0.350220577833931
"2002-05-20",0.47715978335474,-0.00506366228069288,0.309450876743517
"2002-05-29",0.663288235551236,-0.0134915019559156,0.159392427429333
"2002-06-04",0.715601066401946,0.0597106986077457,-0.0383150646851024
"2002-06-05",0.632735376244079,-0.0999714461112575,-0.000273130346135781
"2002-06-06",0.63275225344749,0.0822256105623466,-0.0403782655775474
"2002-06-07",0.567985009675598,-0.0372381065027337,0.0503546992231627
"2002-06-08",0.542105548971843,-0.00686501689733888,-0.0576674285395843
"2002-06-17",0.467341334605805,-0.0295186291362864,0.125344907893472
"2002-06-21",0.64240249215779,-0.117808192640818,0.00469349614591828
"2002-07-03",0.46808075884684,-0.0995464234661719,0.0262227372188593
"2002-07-09",0.616984027743737,-0.0417082320880435,-0.0405534755944439
"2002-07-23",0.577936742017418,0.138362204931427,0.16971610579092
"2002-07-31",0.466296265908657,-0.0337581294588082,0.160268454935212
"2002-08-09",0.528468740821113,-0.117073479538977,0.229457829553773
"2002-08-18",0.526450895171261,-0.0459770653511093,-0.0392870918331461
"2002-08-30",0.519510970078738,-0.00629345606761425,-0.159004370921837
"2002-09-27",0.35314519454053,-0.120360035048324,0.134626557023495
"2002-10-03",0.251158758208245,-0.10629774104768,0.245525976770997
"2002-10-15",0.356702895774556,0.0722317764801894,-0.00460761036165631
"2002-11-01",0.476168435464908,-0.132316802467758,-0.105179541833792
"2002-11-15",-0.614015010481057,0.105141952252552,-0.202230380011644
"2002-12-04",-0.514016363364046,0.10185150973556,0.257706968919584
"2003-01-09",-0.607220417065677,0.0162830142028241,-0.355768338528379
"2003-02-06",-0.619783881231205,0.0936030301302278,0.143670280925828
"2003-02-14",-0.668343177784233,0.147735723826466,0.306613486541354
"2003-02-25",-0.298901524278512,0.406627667616613,0.180603939364515
"2003-03-24",-0.366117701668286,-0.0678149423516753,-0.156048511145492
"2003-04-01",-0.327851993611187,-0.00733348875183567,-0.0209202904240139
"2003-04-16",-0.240072116600797,-0.0471906016633051,-0.053705916289408
"2003-04-30",-0.334613151191756,-0.0925101764899821,-0.00785914692390785
"2003-05-06",-0.353434876683033,-0.163724412269637,-0.0590284597738486
"2003-05-21",-0.162906201164152,0.181167273174903,0.298624420904146
"2003-06-05",0.231676293098841,-0.306701833095613,0.0830585284482192
"2003-06-25",0.172430918393344,-0.212475746746208,0.0944764281955412
"2003-07-02",0.100962049776179,-0.130916530346947,0.0573640056796682
"2003-07-17",0.29701030375595,-0.24282967842399,-0.0629304309885585
"2003-07-24",0.223898765512671,-0.216128040709416,0.393240957124058
"2003-08-05",0.2593832227869,-0.0857272246333267,0.0980893385906549
"2003-08-20",0.406828102318742,-0.170486839332116,-0.199418774130938
"2003-08-23",0.441950464324451,0.00955675515171774,-0.0817171246027123
"2003-09-04",0.340340822790388,0.17895067747208,-0.136568038505403
"2003-09-17",0.284084884541874,-0.150535051608768,-0.174084639388361
"2003-09-26",0.0733550262114711,-0.276188975438307,-0.168398718075483
"2003-10-03",0.0588614405982817,-0.169781884577727,-0.0917634736955
"2003-10-23",-0.372672128559473,-0.0801138942626347,-0.248580929663544
"2003-11-03",-0.188398290579747,-0.157777921029106,-0.257459475977869
"2004-01-15",-0.756393286819661,0.0765907136830778,-0.0974639645103187
"2004-01-21",-0.98094133940413,0.113637659400329,0.0364280130574164
"2004-02-04",-0.689059147693875,0.0671953512326578,-0.129886435694795
"2004-03-02",-0.702707475354375,-0.0373760788916255,-0.0895872201166516
"2004-03-16",-0.283430136395464,-0.158110755373493,0.159993388395991
"2004-03-31",-0.316713927955523,-0.222704424476141,-0.217767695673302
"2004-04-28",-0.2626669463691,-0.0901887408794526,0.0330272524373585
"2004-05-10",-0.173419485116165,-0.0494595691673598,0.258301460957817
"2004-05-11",-0.00499917491757184,-0.158489156198832,0.0130078799376212
"2004-05-13",-0.192431907632333,-0.269947039959719,0.000953095942065264
"2004-05-25",0.267679004400444,0.13209080457414,0.0146989602609712
"2004-06-07",0.124385038340548,-0.19100983728169,-0.0335493880873214
"2004-06-21",0.217606442915009,-0.122981797304591,-0.180880272169479
"2004-06-26",0.284067128490875,-0.27350659776377,-0.120554466574907
"2004-06-29",0.196014876863856,-0.133427466659094,-0.148307025467404
"2004-07-06",0.190833740218079,-0.208969605361803,0.00301584828366676
"2004-07-19",0.189292794029952,-0.211581660926606,-0.152666012056741
"2004-07-28",0.282897637410121,-0.0848916847191346,-0.0166137043277471
"2004-08-02",0.250304625328996,-0.257223928486349,-0.0332850207207285
"2004-08-08",0.28017017984411,-0.292042118537165,-0.074403810355025
"2004-08-17",0.249894167999666,-0.290511677098894,-0.250928993170029
"2004-08-30",0.245109286285154,-0.296452240489963,-0.124278124634537
"2004-09-02",0.20564436728768,-0.281705871070442,-0.202333203142765
"2004-09-03",0.215375335492602,-0.258840957674081,-0.125395141711691
"2004-09-16",0.185842678114366,-0.310879739668089,-0.086787562218839
"2004-09-29",-0.0349897991643359,-0.300115885754865,-0.0439322451200153
"2004-10-14",0.0917993181295658,-0.435349437223511,-0.375549646947538
"2004-10-28",-0.391805233012183,-0.115824289574327,-0.122775580640067
"2004-11-07",-0.476965468166095,-0.108883843072857,-0.0358265029340102
"2004-11-22",-0.272108976676281,-0.221521361160947,-0.293379964182616
"2004-12-20",-0.68505640105726,0.200692275286243,-0.0178432427448755
"2005-01-25",-0.698499223874946,0.0130414955099685,-0.0244875037537729
"2005-02-02",-0.763217890545797,0.0934672831729152,-0.0652034605796231
"2005-02-23",-0.444975980752188,-0.11326365312476,0.157386953688054
"2005-03-18",-0.313135784224533,-0.360652922592802,-0.117767777101133
"2005-04-14",-0.622106869349813,-0.0154537933537912,-0.163501231789099
"2005-04-27",-0.452168759558901,-0.129691415525751,0.0395511474682342
"2005-05-11",-0.448628441230064,-0.334585954974318,-0.0895987846714857
"2005-05-28",-0.479973388809904,-0.300670525515681,-0.247636199184109
"2005-06-07",-0.593878217482171,-0.126079639136245,-0.00726487335492443
"2005-06-18",-0.252327769869665,-0.369053636407207,-0.292284227988364
"2005-06-22",-0.388145988886189,-0.454436778729921,-0.536898815730697
"2005-07-06",-0.292854965342618,-0.340707736720539,-0.117566296145707
"2005-07-28",-0.168984420547896,-0.160379715225341,0.0571342181100197
"2005-08-02",-0.0738642585092016,-0.0790522240313945,0.0455951861175905
"2005-08-18",-0.0903914897616145,-0.264822578659859,0.0688837029256874
"2005-08-26",0.153624233318434,-0.283089476425525,0.0442610694655135
"2005-08-29",0.00948259141216229,-0.177666628285782,0.0836677367621311
"2005-09-14",0.125878214865991,-0.279935241469105,0.0256943290280761
"2005-09-21",0.0680156042364815,-0.273778687307235,0.0057380523794312
"2005-09-28",0.0262706855530186,-0.437436411996678,0.0218664551350015
"2005-10-21",-0.140269853306342,-0.0410611755530855,-0.34056597472017
"2005-11-15",-0.322397753532799,-0.0809941261152496,-0.190570077369017
"2005-12-05",-0.0912035585160361,-0.158981569234338,-0.120966228472264
"2006-02-15",-0.500739341981731,0.048688520443719,0.114821379480008
"2006-03-28",-0.509482253894176,0.237007662514955,0.0684547203511892
"2006-04-05",-0.315975388048175,0.120121958362505,-0.449795947137404
"2006-04-18",-0.346085200256863,0.232565203199013,-0.183327874546915
"2006-04-26",-0.436999307452365,-0.201244110850815,0.0149451147394009
"2006-05-03",-0.317555379561546,-0.172018912125761,0.599983768786158
"2006-05-10",-0.240590057721656,-0.0598831696808316,0.377344209043237
"2006-05-15",-0.0852342331093414,0.125268660282859,0.471856721396651
"2006-05-30",0.0890306948024721,0.0367214514244685,-0.104567685193048
"2006-06-07",0.0842744396096907,-0.168464853440736,-0.256801979020133
"2006-06-13",0.1771025842481,-0.0791563277881496,0.0223273991935345
"2006-06-15",-0.00211429978328917,-0.0333335293436308,0.00299973577717687
"2006-06-28",0.125451490811979,-0.130333645927007,0.00893557512254243
"2006-06-29",0.146408012055924,-0.0773404138373054,0.0895625905049903
"2006-07-06",0.105491515403221,-0.0665542134074754,0.288075941435586
"2006-07-13",0.245084461151267,-0.0102570895050622,0.0865382457367782
"2006-08-01",0.237394886605847,0.0836499355900725,0.218833033386892
"2006-08-10",0.222689939217193,0.00425909621171498,0.176271039207531
"2006-08-23",0.212759337030108,-0.0839477078126001,0.204810993654917
"2006-08-29",0.177696833827955,-0.0550671615228807,-0.0369261706306872
"2006-09-13",0.0648680362739907,-0.151156959488267,0.225946142136237
"2006-09-18",0.101198830596644,-0.041342258100461,0.0861347063186286
"2006-09-26",0.264112200172297,-0.0966779528634069,0.0881999098654846
"2006-09-28",0.0276641236945533,-0.0127292465731178,0.107112302448638
"2006-10-12",0.239356355395719,0.0449386839113103,-0.435894433666417
"2006-10-31",0.130371139742116,0.102058231157834,0.16282891711059
"2006-11-29",-0.65620296325585,0.0430541653519934,-0.0958394517760336
"2006-12-05",-0.537336562360652,0.118238852987591,-0.198098188534579
"2007-01-12",-0.607381616950085,0.0305603349406624,-0.130315664100455
"2007-01-24",-0.449526156768801,0.225934572497583,-0.105578596999606
"2007-02-13",-0.181802362727993,-0.0315588323110661,-0.170378067324488
"2007-03-05",-0.569363120731982,0.359772242767726,-0.120117256512794
"2007-03-14",-0.427961027860379,0.40344542332775,-0.215802794588679
"2007-03-22",-0.118881319112438,0.635436238539218,-0.453861931239361
"2007-03-30",0.184908502126918,0.205352398947871,-0.376188051242066
"2007-04-19",-0.0728493449954283,0.566373659939395,0.0089962745288339
"2007-05-04",0.187544064915936,0.376986195173333,-0.134582187309053
"2007-05-15",0.505311992097448,0.0622040074046351,-0.091145298387822
"2007-05-30",0.365816510650729,0.152742938378128,0.278622425262962
"2007-06-12",0.413814011731062,-0.206531127630642,-0.0933282111737531
"2007-06-27",0.576632358483874,-0.0666684825344069,0.0508123881844413
"2007-06-28",0.542528497094474,-0.0415914498466307,-0.0768895806766182
"2007-06-30",0.443395064043393,-0.0749526755997867,-0.00667285285609257
"2007-07-03",0.509452983018605,-0.0936523807188527,0.18279221183626
"2007-07-14",0.393694115102429,-0.0388134060554906,0.0652227237028958
"2007-07-28",0.409306366797547,-0.212174093503192,0.0277611595724548
"2007-08-07",0.31876708045734,-0.138467739548327,0.1080183832755
"2007-08-15",0.458396561737621,-0.192179527944715,0.0845639012441824
"2007-08-30",0.260577536166887,-0.136029033600828,0.0448264070289542
"2007-09-12",0.303540559126525,-0.157753449018344,-0.0772724152373102
"2007-09-24",0.272144761526961,-0.297219043643999,-0.0825504696043762
"2007-10-12",0.32596040773234,-0.225643762966075,-0.199438912821534
"2007-10-23",-0.451464693310817,0.312962737247787,-0.0520994324811548
"2007-11-07",-0.122911891021959,-0.128964435324694,0.377162053223631
"2007-11-20",0.110573019027464,0.196199379572364,-0.449338368666947
"2007-12-10",0.146602857055587,0.40427001217564,0.109089895258584
"2008-02-12",-0.183209826105305,0.347232338646843,-0.00873683192001064
"2008-02-17",-0.0697293118348618,0.462167016164639,-0.268964321852256
"2008-03-04",0.122753419461753,0.376761911305855,0.0418476473193553
"2008-03-18",0.406236151797364,0.210637825232637,0.0191408343978674
"2008-03-21",0.0973865148749136,0.411808491036639,-0.00506835790945552
"2008-03-31",0.584147376626277,0.149131787326638,-0.0602664756478079
"2008-04-12",0.3241847580254,0.161582792791509,0.0686147478468081
"2008-04-22",0.337682732557839,-0.0287862645280351,0.359782189966507
"2008-05-01",0.507387412795261,0.35599724035901,-0.240901664784702
"2008-05-09",0.534336789290835,0.218597106085828,0.316689407723631
"2008-05-21",0.321673635443558,0.0482653298225408,0.0385353369013215
"2008-05-27",0.526213820335351,-0.0866403906838302,0.186596689986805
"2008-06-11",0.561937226356739,-0.0548770614913945,0.043777197923735
"2008-06-24",0.673426943172727,-0.0824197466505737,0.048852324388845
"2008-06-29",0.575763777707137,-0.111502057945974,0.238159138855249
"2008-07-01",0.479677117539207,-0.0395154420335839,0.274333608239564
"2008-07-12",0.498563400628427,-0.0933806782265599,0.254440297554449
"2008-07-18",0.470972363387768,-0.00791324375433021,0.246494567058067
"2008-07-28",0.472895318972665,-0.0768037142782254,0.353909154866762
"2008-08-05",0.500848704122792,-0.0914595730975073,0.314200714622407
"2008-08-12",0.606651829354242,0.034413584335184,0.150590730894906
"2008-08-22",0.466415648145661,0.0863563730120438,0.11748032633199
"2008-09-08",0.363191926199746,0.0626638869092066,0.0735863003093181
"2008-09-16",0.392958441870785,-0.0305574759050899,0.0108310015166912
"2008-09-23",0.381548736696443,-0.0713378135789726,0.108821902509825
"2008-10-01",0.308253811309167,-0.149907651216596,0.305410428767742
"2008-10-12",0.232979614500346,-0.00792823467830888,-0.15270452092959
"2008-10-22",0.314673606002308,-0.0361853778450042,0.0442310363515411
"2008-10-27",0.215190742896905,-0.156804317156901,0.260560412087225
"2008-11-19",-0.191330879164244,0.169306914662399,0.150539876176001
"2008-11-24",-0.165099827513457,0.301732775039212,-0.170829723105233
"2008-12-08",-0.401678039102726,0.218148303387733,0.19723925605481
"2009-01-14",-0.189971674988681,0.187230757914068,-0.099745784745941
"2009-01-23",-0.102792748033451,0.114097885902246,0.301375195206099
"2009-02-04",-0.264933982687423,0.285817940565331,0.221996165896663
"2009-02-17",-0.135526409092163,0.266622296334263,-0.0279380718568682
"2009-03-06",0.112192313609971,0.743961391420986,-0.234781935266167
"2009-03-24",0.279212121167034,0.601979811706723,-0.455961298902194
"2009-04-04",0.221233190024753,0.0576020736095976,-0.208828493848322
"2009-04-23",0.342661810862902,0.174062545462866,0.353875155337716
"2009-05-07",0.610405562392887,0.113226682033424,-0.0387660558539243
"2009-05-16",0.343306248585778,0.367665314131206,0.0782916369517772
"2009-05-26",0.535900899113369,-0.18551629816499,0.175055833736064
"2009-06-02",0.412835371998083,-0.194666279875181,0.212056419251216
"2009-06-14",0.469974941764007,-0.0964356724411353,0.20026695602975
"2009-06-30",0.584066605274597,-0.229325494963136,0.136983662710589
"2009-07-08",0.569263615013977,-0.0971148483751797,0.0956739118578971
"2009-07-12",0.487394584794442,0.0170048681677108,0.263801438866296
"2009-07-23",0.48706730495327,-0.113104493412515,0.218619431221332
"2009-07-28",0.41172877272288,-0.122504068116817,0.011593559123156
"2009-08-14",0.334766922647622,0.128533719882916,0.173085774809108
"2009-08-27",0.380782305979332,-0.0838362278922836,0.103548435348905
"2009-09-10",0.452279695332495,0.0832972728307824,0.146787204151348
"2009-09-22",0.384789265821716,-0.0840288219794514,-0.325336117374024
"2009-09-29",0.268965542161077,-0.0627995457948853,-0.376720585506923
"2009-10-05",0.289851666026683,0.0738342785584855,0.410660766852492
"2009-10-19",0.305551557861722,0.0561728864103749,-0.556880147540041
"2009-11-04",-0.00849849466235586,-0.265641871045956,-0.387297134266058
"2009-11-10",0.0344415208365232,0.108539057774927,-0.388129485427664
"2009-12-01",-0.0433951381550533,-0.131791694121296,-0.393845242880901
"2009-12-23",-0.48457179526249,0.199072808693816,0.212785286341618
"2010-02-09",-0.836177984525365,0.0996316150309203,-0.148799773288804
"2010-02-22",-0.747295144078676,0.0254659727001741,-0.0425405077997208
"2010-03-19",-0.369782317367655,0.0864121760149487,0.0360501782486086
"2010-04-11",-0.508271215345399,-0.169951745858736,-0.343177476589243
"2010-05-05",-0.226335045454776,-0.237103609988213,-0.220305451532498
"2010-05-15",-0.108359239885402,-0.108006946030558,0.150685971328299
"2010-05-30",-0.0813480973240057,-0.0827279234886885,-0.271302518315202
"2010-06-04",-0.24597088092724,-0.269905257500712,0.121470323215135
"2010-06-18",0.099396163275324,-0.461437229837462,-0.109808948797264
"2010-06-26",0.315867625410639,-0.200265383688036,0.196995207398747
"2010-06-28",0.105478879495856,-0.013819640569447,0.308508819648245
"2010-07-08",0.529694394909886,-0.194235723740574,-0.110597386985798
"2010-07-15",0.167822095933948,-0.251742872116952,0.0668846970085702
"2010-07-20",0.14995554721228,-0.168521773834949,0.0992686443227462
"2010-07-29",0.269935515190468,-0.0241823236552576,-0.0246480305526015
"2010-08-07",0.324387547876077,-0.163462465993245,0.0449016616603668
"2010-08-10",0.369558464673422,-0.278614062003822,0.0657297132048925
"2010-08-18",0.427562763357321,-0.234461830818441,-0.155077899599597
"2010-09-03",0.382614167495845,-0.260747435546182,0.000799927055919666
"2010-09-09",0.302947286785987,-0.198274805447955,0.0235621117124876
"2010-09-20",0.297377144657294,-0.169134632202404,-0.183346065241256
"2010-09-28",0.307130646269199,0.0197849984699117,-0.47607253592668
"2010-10-06",0.174434554225707,-0.286882195699715,-0.252540124692674
"2010-10-19",0.291868320130556,-0.144984770946461,-0.310020168039958
"2010-11-04",-0.0412494132683186,0.224499244350452,-0.558005140360739
"2010-11-24",0.0154434781393378,-0.283722835190655,-0.323047026749691
"2011-01-10",-0.544623898289905,0.194263175379176,-0.0574684901580372
"2011-01-25",-0.346827363409877,0.28729300624462,-0.167289777415827
"2011-02-10",-0.328678531689254,0.0597844306593399,0.233414866723936
"2011-02-26",-0.407322187282186,0.422809502604633,0.201611774004063
"2011-03-23",0.294168074169686,0.429118209667282,-0.0315885886196256
"2011-04-08",0.0814763045953629,0.104312579918124,0.20508198617575
"2011-04-17",0.313919449600495,0.339492269821263,-0.171636342730921
"2011-05-09",0.150810593016344,0.17412523193362,0.062991708702916
"2011-05-18",0.2113992784455,0.336054066018946,-0.0308443248378519
"2011-06-08",0.428126042799997,0.184373239627793,0.194627943741152
"2011-06-22",0.410826843341486,0.170124285778096,0.0884449401191261
"2011-06-27",0.438349215740182,0.169629325009125,0.315726730568343
"2011-07-06",0.308983787647299,-0.035815768217589,0.0649707655232331
"2011-07-22",0.468503613414537,0.00240475152445266,-0.077593059181537
"2011-08-04",0.429214093415107,0.0844446056614528,-0.0225107396129194
"2011-08-17",0.489492018546746,-0.0421932765070707,-0.0528128844592509
"2011-09-01",0.501119775127231,-0.000621048300734329,-0.0829700925128536
"2011-09-13",0.609362960870277,0.190294767000308,-0.113470578267006
"2011-09-20",0.598882519494428,0.200639578130186,-0.0806087735596577
"2011-09-26",0.426041598292912,-0.0104946138100702,-0.330390824639068
"2011-09-29",0.377429843020003,0.0580750404165742,-0.118386533617003
"2011-10-15",-0.290985947417963,0.169056948112687,-0.269333361087963
"2011-10-26",-0.0201038736912457,0.116211399445829,0.154217076302515
"2011-11-29",-0.534084342712938,0.130934757089023,0.232242701624553
"2011-12-10",-0.273171860802166,0.0519207543452514,0.100248148328984
"2012-01-08",-0.28092436555161,0.224825940568581,-0.00876451076820144
"2012-02-24",-0.134385728042713,0.0102660209578809,-0.0399074609383005
"2012-03-07",0.0515297965232323,-0.0986293483632516,-0.0791532045117389
"2012-03-25",0.143083178003688,0.232329245078618,0.02941402826136
"2012-04-07",-0.168640523887895,0.301730612529061,0.0284670651552577
"2012-04-14",-0.390645135109032,0.441673299768968,0.140347738209166
"2012-05-04",0.205752238138329,0.289341759860346,-0.206653088223964
"2012-05-19",0.468146975936974,-0.173341161772763,0.326724258258312
"2012-05-29",0.561643792861446,0.271994648127714,-0.0536574533606216
"2012-06-10",0.642521589830175,-0.0820104484544655,-0.0837436725088453
"2012-06-25",0.566967809092395,-0.0769566664390597,0.173391730519929
"2012-06-28",0.400476638404683,-0.005910017478568,0.0136435002405735
"2012-07-07",0.478771433757695,-0.0769647187356602,0.0481401768200758
"2012-07-20",0.5467279994518,-0.126044265517982,-0.0100916339568177
"2012-08-07",0.391333627003027,-0.0103542677976914,0.00202741324164672
"2012-08-21",0.533965935202306,-0.12626757983291,0.200847569222582
"2012-09-06",0.27754355919832,-0.0304868492994056,0.190119643023899
"2012-09-16",0.218787054617072,-0.0151509503645865,0.138762486662344
"2012-09-29",0.448759339439686,0.131120674317569,-0.143899420694371
"2012-10-07",0.237393812355311,0.457570626387202,0.194950170964898
"2012-10-25",0.262545896901263,-0.0295544585226546,-0.480854992401091
"2012-11-13",-0.603834746839636,0.116906202166015,0.0949856699458182
"2012-11-26",-0.589570743872822,0.171623425764367,0.0525751728337719
"2012-12-30",-0.694340625060677,0.320170930958408,0.202911200687035
"2013-01-14",-0.596613861951829,0.261485277566796,0.00521490558609886
"2013-02-14",-0.165569528707125,0.212397310738507,0.116716088469825
"2013-03-01",-0.110926035963387,0.232395826891001,-0.231484311358905
"2013-03-03",-0.161536079563154,0.308440362098949,0.232718387122241
"2013-03-10",-0.0422717105282291,0.226569878956059,0.203152805213202
"2013-03-18",-0.073104503358733,0.140127408747169,-0.0872324864681089
"2013-04-01",0.221976857526199,0.218444402166927,0.0199724144515883
"2013-04-16",0.223748034822018,0.143057755915148,-0.0879737724413601
"2013-04-27",0.230491295925063,0.17500617906076,0.294715982948431
"2013-05-08",0.368127253154798,-0.0271991358526589,0.0989038141624223
"2013-05-30",0.587252730869928,0.0704085282662136,-0.0614219531998099
"2013-06-07",0.62816512752007,-0.0318216145569534,-0.0557627530594112
"2013-06-19",0.591608487074411,0.0209900264995437,-0.0372013999184556
"2013-06-27",0.416589728886143,-0.00426842521996312,-0.124430142180966
"2013-07-09",0.382251584044927,-0.0120197688780846,-0.0181626476346705
"2013-07-23",0.389162217198268,-0.0582618103512506,0.14211631756387
"2013-07-29",0.657892906842436,-0.0383740474218049,-0.0142531719733775
"2013-08-09",0.518081046348787,-0.0883739414842138,0.227003463460709
"2013-08-25",0.618086494535627,-0.021587167320996,-0.0273455545603539
"2013-09-11",0.437848647265863,-0.015255809981534,-0.117562414822863
"2013-09-26",0.24083565488399,0.047498531346863,-0.372853005452856
"2013-10-04",-0.19251010538028,0.0203431547545571,0.0262987576102897
"2013-10-22",-0.144781254543307,0.0910483287462437,0.0376739543901564
"2013-11-09",0.15751909291476,0.00980254961570636,-0.361716397396819
"2013-11-22",-0.225120561853896,0.0530267545377733,-0.0998376828706388
"2013-12-09",-0.487895063751391,0.0811329494391825,0.158080985697573
"2014-01-16",0.0526171744550771,0.371246631172721,-0.137610308634971
"2014-02-04",0.0259280958053718,0.375391186955341,0.0638852638996135
"2014-02-23",-0.162995044370554,0.464979890391294,-0.135234346720985
"2014-04-01",0.120491126491562,0.31056672645744,-0.280431941716014
"2014-04-08",0.416568731974612,0.28476792536776,-0.113880079157918
"2014-04-25",0.0377124384297852,0.383116098520592,-0.104250876930938
"2014-05-06",0.235985623720274,0.316966983041314,-0.165691237603962
"2014-05-19",0.0215621100448793,0.0724965495661801,0.0311197899006797
"2014-06-11",0.508829858321801,-0.0886029465319465,-0.142774914208584
"2014-06-27",0.389647026848218,-0.0919138274146554,-0.140697810143655
"2014-07-06",0.379363278881129,-0.107862494360485,-0.229324936673851
"2014-07-22",0.382745197786438,0.00226042307925125,0.0464206897376257
"2014-08-06",0.328545506225812,-0.0318149494353397,-0.0293027956996159
"2014-08-20",0.472605826530567,-0.103194532021839,-0.00327676644861678
"2014-09-07",0.438126834550125,-0.143825181303537,-0.0164777368009104
"2014-09-25",0.0216518174333224,0.0527433731022833,0.14799451318942
"2014-09-30",-0.490739013528889,-0.0660401480623608,0.196445877475941
"2014-10-08",-0.310421799105786,-0.275044485682528,0.255982693475626
"2014-10-27",-0.732614871310204,-0.0758139168055935,-0.316805192855248
"2014-11-07",-0.934112006522358,-0.175826118618914,-0.442509715723977
"2014-11-08",-0.756097475989288,-0.110134220138604,-0.401792162404206
"2015-01-01",-0.757298123710498,-0.12483773071584,0.0403872859145887
"2015-01-06",-0.772013746415321,0.134023885677695,0.221312165825951
"2015-01-21",-0.631611743511592,0.00596086073543687,0.335558577950474
"2015-01-31",-0.74663788643576,-0.00468805694904185,0.22843182363325
"2015-02-04",-0.627662466984157,-0.101938906542027,0.296943006752299
"2015-02-18",-0.73670706524333,-0.076442530849572,0.231123869543122
"2015-03-04",-0.544044465583457,-0.116418278180285,0.304465023010376
"2015-03-26",-0.737824807162334,-0.0299031035839977,0.278429061581284
"2015-04-07",-0.908383183107881,-0.136195682987499,0.270700115248502
"2015-04-27",-0.38193900356406,-0.339859913747703,0.43279645811122
"2015-05-07",-0.322717363424771,-0.255270900784595,0.189859911780496
"2015-05-13",-0.107990031492905,-0.257318046720309,0.22434347145341
"2015-05-19",-0.177695814184947,-0.203642469630875,0.265524215026965
"2015-06-10",-0.130826208701889,-0.136768481079884,0.281928923860312
"2015-06-16",0.0517165822239817,-0.208390570873378,0.309550116856339
"2015-06-28",-0.118698147740242,-0.10575988928178,0.187593722485261
"2015-07-03",-0.0536209588365332,-0.197672284720686,0.129009382237186
"2015-07-15",-0.0194390696560614,-0.336119809961348,0.0826274601038895
"2015-07-26",-0.154119052036975,-0.255584777091156,0.120910141167657
"2015-08-08",-0.0341865421456359,-0.361687934885133,0.195427229109285
"2015-08-10",-0.136548729504344,0.0163574903930629,-0.11853603145399
"2015-08-26",-0.149471291113803,-0.17928876809942,0.179561604612111
"2015-09-03",-0.459961028375371,-0.324263342349381,0.010011780393362
"2015-09-16",-0.409177834193488,-0.262634259236404,0.151832445700868
"2015-09-23",-0.398639595442027,-0.28132340885524,-0.116151809720044
"2015-09-29",-0.39805815764024,-0.346825517841692,0.096135143053542
"2015-10-07",-0.394462668820484,-0.480698254111654,-0.0912022339431416
"2015-10-13",-0.723026985532703,-0.435671486184217,0.058244076086638
"2015-11-03",-0.837679252966955,-0.320613669756982,-0.311597578513856
"2016-01-08",-0.956888868670617,0.00701814865836058,0.193181865726941
"2016-01-23",-0.975560844432701,0.0563180176301696,0.118647566726222
"2016-02-17",-1.0270500574111,0.0314306119688928,0.0571885439903367
"2016-03-11",-0.992073314295304,0.0068811040910411,0.147239255432452
"2016-03-22",-0.947784605813517,0.0141675869483655,0.226291997681689
"2016-03-26",-0.9415227986754,-0.0608488144737176,0.0111741899431423
"2016-04-18",-0.877296681973089,-0.300667276169016,0.0389908104662245
"2016-04-26",-0.924827767026676,-0.203809888525923,0.192975722353252
"2016-04-28",-0.875519648444532,-0.24871702642064,-0.0263940442083384
"2016-05-12",-0.810909116754916,-0.191452937548843,0.252964418800492
"2016-05-24",-0.637264514564468,-0.371726499800297,0.0942278306242847
"2016-06-12",-0.345968462694187,-0.243364498850584,0.223983100726491
"2016-06-23",-0.348545380927444,-0.298945327644949,0.197682433252474
"2016-06-29",-0.258035927331717,-0.167401307951642,0.0878716372529421
"2016-07-07",-0.272774955691993,-0.229397636448904,0.131719209323616
"2016-08-01",-0.211051716071751,-0.309428744440587,0.03960163941917
"2016-08-21",-0.0461732705762424,-0.219002840812095,0.136309858457419
"2016-09-06",-0.140801643997711,-0.40495963345613,-0.12722420102959
"2016-09-20",-0.263496466419374,-0.412505318654621,0.0455096429048224
"2016-10-11",-0.342223313645435,-0.345749076087837,-0.14348136135969
"2016-11-18",-0.896697620746761,0.00711511347409195,-0.0779388276792592
"2016-12-06",-0.87130319420399,0.0622718336711336,-0.0277685955351534
"2017-01-12",-0.919162476258018,0.199714310229833,0.010735232202458
"2017-02-01",-0.968729265345706,-0.0435821321984115,-0.133138595489824
"2017-02-17",-0.847604382139858,-0.0557573982858635,-0.0421455571936041
"2017-02-25",-1.02435080309541,-0.0192984338462629,-0.0586839140070631
"2017-03-20",-0.896296894257856,-0.22519640819707,0.130757622590816
"2017-04-11",-0.888301926083711,-0.211249483161637,-0.0296870974255367
"2017-04-27",-0.874266967503131,-0.0744132708981807,-0.122650943392959
"2017-05-21",-0.700526257897477,-0.126389817509213,0.304406995742395
"2017-06-12",-0.413101368072965,-0.193251260202398,-0.149098430461288
"2017-07-06",-0.0684743143725492,-0.266164550202013,0.440265524880933
"2017-07-12",0.162538632405413,-0.192658536660552,0.0402246229823628
"2017-07-27",0.0939162027797017,-0.239410857455902,-0.0293807236344829
"2017-08-08",0.213864500766371,-0.0454277719471736,0.331222499808901
"2017-09-06",0.256278020203142,-0.365961872519031,-0.135529750677069
"2017-09-22",0.0761268017050929,-0.315748822976862,-0.337883422484325
"2017-10-04",0.043754153683452,-0.308459884102326,-0.337544559964367
"2017-10-26",-0.0858869934671989,-0.0829570316755174,-0.134698041822831
"2017-11-06",-0.192654861949044,-0.39820030949535,-0.0546302783898987
"2017-12-04",-0.455865063622658,-0.0394312616793156,-0.317216724913742
"2017-12-18",-0.460287869108456,0.153667570708114,-0.221173473797231
"2018-02-06",-0.684807426276577,0.0648129612527448,-0.220946233950038
"2018-02-27",-0.350391562745951,-0.0843154054671075,0.18742019903933
"2018-03-05",-0.439953809988566,0.088480353470355,-0.265593751195852
"2018-03-18",-0.151915992776412,-0.231963329002789,-0.115292424607163
"2018-04-09",-0.133602638278491,-0.26730151498547,-0.167225424045465
"2018-04-23",-0.224791966206944,-0.342773139515687,-0.2088785842198
"2018-05-07",-0.101152093404192,0.000801674412025456,-0.117505475799423
"2018-05-21",-0.105688922447044,-0.0961165205592532,0.0801923011355338
"2018-05-29",0.0974347536563729,-0.120313600581722,0.286366997073419
"2018-06-06",0.0948994798265425,-0.368318082009446,0.269523387889518
"2018-06-27",0.21211333465141,-0.0693370557659902,-0.0609727031620181
"2018-07-10",0.128786425953516,-0.188006413774439,-0.137768676087467
"2018-07-17",0.262223464509707,-0.077084469364309,-0.0817277367200165
"2018-08-21",0.347155602257492,-0.0447123092272887,-0.117630330904899
"2018-09-20",0.115627592207288,-0.104453600612144,-0.403203979043981
"2018-09-27",0.599586653428602,0.0868169963985796,-0.128424616934796
"2018-10-11",0.363402537275081,-0.207662193390909,-0.420437152603637
"2018-10-15",0.388296511796082,-0.0419845230290578,-0.251963638876147
"2018-11-08",0.248356165915649,-0.395039200988205,-0.456685914346806
"2018-12-06",-0.258522503273472,0.158281700143606,0.411809345921603
"2019-01-13",-0.695762863341981,0.0966378065959008,0.155255816634437
"2019-02-18",-0.788805587272714,0.0964869376393054,0.0650838817546172
"2019-03-04",-0.276528901704479,-0.189045315310329,0.079511891227008
"2019-03-31",-0.346962046009103,-0.0906882196022434,-0.367278651758765
"2019-04-18",-0.262490050417822,-0.239989054655482,-0.185954473325884
"2019-04-29",-0.272185915010742,0.0242444115254035,0.224004683519124
"2019-05-07",-0.0962308140631723,-0.173722675238089,0.0850516233531627
"2019-05-24",-0.0291697148279127,-0.163632040520033,-0.088138853957923
"2019-06-05",0.157993986263733,-0.443125468548613,0.20298773321774
"2019-06-17",0.414854490186224,-0.127827313246092,0.0828179939526163
"2019-06-27",0.343208597140688,-0.160403301044311,0.0897232297115603
"2019-07-10",0.670818816247284,-0.131795811409794,0.00994155132807093
"2019-07-23",0.146033850165867,-0.026043484870489,-0.0787971635883607
"2019-08-25",0.322722174728176,-0.0837587005936364,-0.216735558398415
"2019-09-11",0.0796232152123907,-0.0294304559526354,-0.141021746609782
"2019-09-20",-0.344154885099538,-0.0393397022065031,-0.45007861533012
"2019-09-26",-0.323543307240481,0.0596307077491135,-0.304447191229138
"2019-10-11",-0.342101483198901,0.0136238379051118,-0.234590958804382
"2019-10-24",-0.321659222881823,-0.074427884676502,-0.0155951275323434
"2019-11-06",-0.580948066209933,-0.269826325558453,0.175173811370416
"2019-11-21",-0.461851192960181,-0.0877015397629473,-0.282381556927352
"2019-12-04",-0.341044653530274,-0.287138757546075,-0.117748206998597
"2020-02-04",-0.598885710917333,0.225274427216353,-0.229540886380212
"2020-02-19",-0.0804226682691247,0.339097329578016,0.221672805388612
"2020-03-15",-0.0100329476538161,0.158464712805217,0.282483609748986
"2020-04-06",0.0336153647507808,0.402925186388953,-0.0807521390930822
"2020-05-14",0.391368681047324,0.245910327423696,-0.0984227180654007
"2020-06-15",0.493144609502734,0.313821359723706,0.115815262319661
"2020-06-27",0.530277664216468,0.00645413949010114,0.0629457029153509
"2020-07-16",0.532796495216104,-0.0056374928906505,0.0572241360434573
"2020-07-23",0.483517738179407,-0.064860312104064,-0.0719259366584728
"2020-08-05",0.616767709259429,0.00112169863615361,0.00177827139047052
"2020-08-23",0.414624939059098,-0.114089580209222,-0.0558377525315556
"2020-09-21",0.261909498991767,0.237530937357318,0.27345204442624
"2020-09-30",-0.390046314822907,0.0572617948703848,-0.278394537884276
"2020-10-19",-0.080318000242205,0.0167716082964752,0.16507746566427
"2020-11-20",-0.357000697274815,0.0343267133078085,-0.296832428779906
"2020-12-10",-0.453517876795441,0.24457140726271,0.18601238752591
"2020-12-23",-0.481346198762174,0.203973442586207,-0.0202896551659515
