Mon,Day,Year,NMDS1,NMDS2,NMDS3
5,21,1996,-0.687711962,0.092335686,-0.111695921
6,11,1996,-0.210076993,0.121831222,-0.393589606
7,11,1996,0.053067205,0.03076181,-0.126804533
7,25,1996,0.500506765,-0.008648845,-0.135511347
8,12,1996,0.227160335,0.0260443,0.023551041
8,26,1996,0.294994182,0.219309147,-0.103818035
9,5,1996,0.323561162,0.039543068,0.092807837
9,19,1996,0.065830746,0.049377062,0.152386462
10,7,1996,0.011151663,-0.04392193,0.030801722
10,31,1996,0.012426348,0.120163842,0.026002658
11,26,1996,-0.391710141,-0.236392659,-0.058316294
12,19,1996,-0.488283331,-0.108403665,-0.02579574
2,24,1997,-0.475346054,-0.026546256,0.318762829
3,21,1997,-0.25916168,-0.385989011,0.099210878
4,4,1997,-0.393153921,-0.181041737,-0.276211647
4,25,1997,-0.338814805,-0.498598177,-0.165223921
5,5,1997,-0.249637868,-0.130856327,-0.441995352
5,15,1997,0.009165915,-0.611964007,-0.112184517
5,28,1997,0.357396787,-0.235050871,0.002835433
6,11,1997,0.487767937,-0.223744282,0.519132816
6,27,1997,0.417974303,-0.148810783,0.267689493
7,15,1997,0.156994673,0.22500999,0.211585246
7,17,1997,0.309423874,0.000779641,0.270212246
7,23,1997,0.398756863,-0.006028293,0.127002391
7,29,1997,-0.043631173,-0.028308939,-0.058430202
7,30,1997,0.249162738,-0.039803261,-0.160894231
8,6,1997,0.093080683,-0.024718,0.030126285
8,12,1997,0.181092467,0.034985614,-0.262535154
8,14,1997,0.054115752,-0.042006044,-0.051959745
8,21,1997,0.061712287,-0.096730326,0.02310913
8,27,1997,0.244915275,0.037957033,0.335676761
8,28,1997,-0.039052394,0.077413838,0.324804366
9,2,1997,-0.37172341,0.019937635,0.107650484
9,9,1997,-0.374176324,0.401345158,0.074112166
10,15,1997,-0.614460542,0.156222196,0.20570269
11,3,1997,-0.671383182,0.23597541,0.182849596
11,15,1997,-0.678341375,-0.147211998,0.02011722
12,12,1997,-0.964785379,-0.210673602,-0.077487292
1,30,1998,-0.862755846,-0.180032896,-0.056312421
3,5,1998,-0.843189345,-0.15133012,-0.178173064
3,18,1998,-0.788764295,-0.360112141,0.109538216
4,5,1998,-0.752136781,-0.167357604,0.039719111
4,10,1998,-0.805915038,0.241263723,0.349385026
4,21,1998,-0.53052678,0.186568378,-0.073438909
4,29,1998,-0.698538231,0.155943497,-0.386983739
5,12,1998,-0.48681137,-0.057657078,-0.217633263
5,27,1998,-0.388865434,0.362050711,-0.072965165
6,2,1998,-0.303849194,0.15428026,-0.076078114
6,12,1998,-0.343358417,0.137803264,-0.252867126
6,23,1998,-0.504186914,0.145849469,-0.354343776
7,6,1998,-0.358298828,0.448711701,-0.078808508
7,20,1998,-0.291758281,0.224710647,-0.07301416
7,28,1998,0.008796403,0.238745925,-0.017800313
8,6,1998,-0.132208721,0.025048778,0.037522641
8,14,1998,-0.396634945,0.039880979,0.004447663
8,27,1998,-0.208554372,0.116099075,-0.045633454
9,10,1998,-0.126725743,0.09139081,0.004483659
9,20,1998,0.074392362,0.337065409,0.336994446
9,24,1998,-0.302414819,0.085567052,-0.166860314
9,26,1998,-0.240534088,-0.130893406,0.225840179
10,5,1998,-0.127824152,0.08591011,0.117364879
11,3,1998,-0.335155999,-0.027899963,0.088090238
11,16,1998,-0.442051121,-0.016036786,-0.039991927
12,17,1998,-0.548548529,-0.193445208,0.257541651
2,17,1999,-0.460585708,-0.327559988,-0.000313986
3,11,1999,-0.557941028,-0.505602803,0.145410208
4,1,1999,-0.252436259,-0.120991573,0.299121842
4,19,1999,-0.410279621,-0.483902539,0.092196627
4,29,1999,-0.050391354,-0.231036758,-0.416288755
5,14,1999,0.131070618,-0.14183535,0.214031233
5,23,1999,0.40815127,-0.188888369,0.19794564
6,10,1999,0.583160368,-0.085596471,-0.027379258
6,23,1999,0.612427445,0.025489622,0.026490344
7,3,1999,0.615188008,-0.084590366,0.033641153
7,9,1999,0.407501712,0.01183929,-0.219837823
7,15,1999,0.424189975,-0.003414412,-0.126424382
7,19,1999,0.591712516,-0.262713943,-0.014128855
7,26,1999,0.331149468,-0.133733917,-0.126334954
8,5,1999,0.572230261,-0.355548283,-0.127906992
8,19,1999,0.607635647,-0.09766485,0.04016357
9,1,1999,0.57551659,-0.265852101,-0.087534864
9,8,1999,0.388326962,-0.368071313,-0.274882332
9,22,1999,0.533878,-0.283832815,-0.14442909
9,29,1999,0.381211833,-0.07796702,0.003933273
10,15,1999,0.248561132,-0.060777399,-0.020925227
11,4,1999,0.578755966,-0.429589446,0.312265682
12,20,1999,-0.333670152,-0.340634832,-0.1890182
1,20,2000,-0.223366842,-0.454986249,-0.066249293
2,1,2000,-0.289296018,-0.358538506,0.132061286
2,16,2000,-0.458746654,-0.499941494,0.011787955
3,7,2000,-0.592827381,-0.685580931,0.261351875
4,6,2000,-0.185706045,-0.302329738,-0.400249109
4,11,2000,0.397218513,-0.373221091,-0.432647283
4,30,2000,0.100963833,-0.660322933,-0.246868323
5,17,2000,0.200741249,-0.727249272,0.01579317
5,22,2000,0.463614866,-0.272596502,-0.089702862
6,3,2000,0.60403422,-0.599332866,0.064315918
6,12,2000,0.448837531,-0.155409015,0.136645211
6,17,2000,0.658507456,-0.119400716,0.110843766
6,18,2000,0.693874508,-0.281252032,0.35327192
6,23,2000,0.588415843,0.055210024,-0.101985723
7,7,2000,0.524473988,-0.225949532,-0.231484615
7,19,2000,0.578082725,-0.102438181,-0.084215267
8,4,2000,0.509527277,-0.088499157,0.079087205
8,12,2000,0.419851,0.005704006,-0.038905436
8,18,2000,0.366698779,0.080887953,-0.07919036
8,28,2000,0.33841613,-0.024171658,-0.001966922
9,7,2000,0.464927432,0.048848722,0.090567889
9,23,2000,0.390798663,0.006458218,0.075531748
9,25,2000,0.329979421,-0.144111568,0.131217514
10,6,2000,0.332769558,-0.136628923,0.1036938
10,23,2000,0.432883504,-0.191514654,0.267706378
11,7,2000,-0.206103355,-0.337823915,0.322250208
12,6,2000,-0.398387804,-0.073128219,-0.053748633
1,16,2001,-0.42643356,-0.228316446,-0.149176444
1,27,2001,-0.566679895,-0.210825899,-0.251991465
2,14,2001,-0.371339008,-0.15467589,0.031950327
2,28,2001,-0.400483425,-0.40442127,0.040891041
3,12,2001,-0.40209358,-0.361343585,0.058279933
3,20,2001,-0.151842509,-0.164916765,0.327835976
4,3,2001,0.022009982,-0.217990006,0.204447995
4,11,2001,0.110406052,-0.106710416,0.296796189
4,25,2001,0.138501827,0.0218837,-0.160014581
5,9,2001,0.259015398,0.087584725,-0.13800187
5,18,2001,0.538802088,-0.060690321,-0.047633112
6,4,2001,0.403815975,0.021071665,0.002603187
6,13,2001,0.618039746,0.017211041,0.084359697
6,16,2001,0.493175242,-0.185532386,-0.189503794
6,26,2001,0.363684688,0.012069182,-0.079483984
7,1,2001,0.481080719,0.066700711,0.111562232
7,6,2001,0.488694202,0.112630831,-0.169850177
7,18,2001,0.365442031,0.022748769,-0.115450549
7,30,2001,0.573701144,0.184337413,-0.140190244
8,5,2001,0.53289048,0.183887981,0.14050691
8,9,2001,0.472126252,0.276157544,-0.128279026
8,24,2001,0.440899951,0.039377101,-0.017194243
9,5,2001,0.462030977,-0.031385759,-0.20713386
9,18,2001,0.402667137,0.075800865,0.038705244
9,25,2001,0.322552752,-0.176799102,-0.140723363
9,28,2001,0.413851879,-0.136930288,0.129506951
10,2,2001,0.351439838,-0.156967719,0.099412075
10,29,2001,0.386354922,-0.004258626,0.259783047
11,7,2001,0.33328683,-0.013100126,0.022354371
11,27,2001,-0.286303079,-0.052711505,-0.034868015
1,14,2002,-0.47705342,0.003593947,-0.084585669
1,29,2002,-0.484676297,-0.222488556,-0.104824384
2,19,2002,-0.51055366,-0.168734764,-0.070157443
3,4,2002,-0.363835428,-0.220397644,-0.358036425
3,20,2002,-0.091070179,-0.328194624,-0.088692604
3,27,2002,-0.358537675,-0.265830183,-0.067523317
4,4,2002,-0.086897595,-0.027852728,-0.255625781
4,18,2002,0.009195299,-0.493654479,0.048977046
4,30,2002,0.060608179,-0.076043489,-0.294930088
5,9,2002,0.221753884,0.078732039,-0.349838068
5,20,2002,0.477367538,0.006114111,-0.309146739
5,29,2002,0.663853289,0.016645457,-0.157385717
6,4,2002,0.715577734,-0.058987473,0.039811963
6,5,2002,0.63268338,0.100261049,0.000796553
6,6,2002,0.632800263,-0.081703089,0.04131252
6,7,2002,0.567977002,0.037649034,-0.050159297
6,8,2002,0.542008374,0.006953564,0.05838383
6,17,2002,0.467380395,0.029823877,-0.125189848
6,21,2002,0.642396455,0.117847155,-0.001617999
7,3,2002,0.468043841,0.099553139,-0.026162128
7,9,2002,0.616925724,0.041756517,0.041387805
7,23,2002,0.578073268,-0.136926906,-0.170673149
7,31,2002,0.466483407,0.033733004,-0.15965639
8,9,2002,0.528634306,0.117607694,-0.228797949
8,18,2002,0.52635413,0.045824698,0.040266726
8,30,2002,0.519240974,0.005518977,0.159583291
9,27,2002,0.353093355,0.120370839,-0.134923173
10,3,2002,0.251297257,0.107809356,-0.244830616
10,15,2002,0.356628861,-0.072449428,0.00417474
11,1,2002,0.475961168,0.131411264,0.106889079
11,15,2002,-0.612554904,-0.095703883,0.212282732
12,4,2002,-0.513956204,-0.100612463,-0.258551681
1,9,2003,-0.606663396,-0.015973149,0.356720603
2,6,2003,-0.619673704,-0.093181012,-0.14468401
2,14,2003,-0.669186762,-0.151468594,-0.302850091
2,25,2003,-0.299226169,-0.407729943,-0.177445563
3,24,2003,-0.365702346,0.067255764,0.158428648
4,1,2003,-0.327730989,0.006925676,0.023810164
4,16,2003,-0.23996293,0.046615559,0.055983858
4,30,2003,-0.334604456,0.092287647,0.00998212
5,6,2003,-0.353227015,0.162577909,0.063159169
5,21,2003,-0.163136567,-0.182251964,-0.297258181
6,5,2003,0.231816541,0.306850497,-0.08196289
6,25,2003,0.172442144,0.212406026,-0.094821066
7,2,2003,0.101005587,0.130940715,-0.05732563
7,17,2003,0.296998282,0.242653038,0.063363944
7,24,2003,0.22299254,0.198744209,-0.402506155
8,5,2003,0.259451307,0.085166151,-0.098213514
8,20,2003,0.40663289,0.169716998,0.200335937
8,23,2003,0.441847785,-0.00976292,0.082035838
9,4,2003,0.340137316,-0.183172021,0.128154719
9,17,2003,0.283949119,0.150002296,0.174588459
9,26,2003,0.073186878,0.275389563,0.169608643
10,3,2003,0.05883028,0.16974352,0.091560231
10,23,2003,-0.372390094,0.080275251,0.249382475
11,3,2003,-0.188560669,0.157446449,0.25823465
1,15,2004,-0.756258933,-0.0771531,0.097735139
1,21,2004,-0.981614703,-0.113318131,-0.036593745
2,4,2004,-0.688777207,-0.068306284,0.130738133
3,2,2004,-0.702548861,0.036307631,0.091431831
3,16,2004,-0.283636505,0.157056549,-0.159076995
3,31,2004,-0.316712909,0.222394908,0.219167915
4,28,2004,-0.262702127,0.089423101,-0.030966683
5,10,2004,-0.173459353,0.047483242,-0.258419592
5,11,2004,-0.00494462,0.158317959,-0.012987723
5,13,2004,-0.192138333,0.271053464,-0.005581119
5,25,2004,0.26750826,-0.131950079,-0.016054543
6,7,2004,0.124407031,0.190770263,0.033786407
6,21,2004,0.217392049,0.121821681,0.182121885
6,26,2004,0.284014697,0.273227634,0.121002782
6,29,2004,0.195870973,0.132036524,0.14987117
7,6,2004,0.190875,0.208740699,-0.002959486
7,19,2004,0.189317669,0.211764644,0.152269602
7,28,2004,0.2828745,0.084720131,0.016903569
8,2,2004,0.25032161,0.257218628,0.033204759
8,8,2004,0.2801941,0.291471593,0.075797915
8,17,2004,0.249761262,0.289620358,0.252048884
8,30,2004,0.245077573,0.296227532,0.124614906
9,2,2004,0.2055926,0.282055154,0.201882738
9,3,2004,0.215367057,0.258662777,0.125458426
9,16,2004,0.185815991,0.310987574,0.086112989
9,29,2004,-0.034957082,0.299921158,0.044277671
10,14,2004,0.091557654,0.435908609,0.374894888
10,28,2004,-0.391939106,0.116559074,0.12132796
11,7,2004,-0.477005187,0.107787943,0.038075409
11,22,2004,-0.272559768,0.223499959,0.292035341
12,20,2004,-0.684980214,-0.200786295,0.018558931
1,25,2005,-0.698453931,-0.013902044,0.025350294
2,2,2005,-0.763056203,-0.094089083,0.066319014
2,23,2005,-0.445282276,0.112474372,-0.156165945
3,18,2005,-0.314591614,0.337746748,0.168221411
4,14,2005,-0.621826035,0.015025477,0.164672938
4,27,2005,-0.452904279,0.127813801,-0.03105552
5,11,2005,-0.449775649,0.328653416,0.10336416
5,28,2005,-0.477251635,0.296716813,0.256836081
6,7,2005,-0.594130902,0.124171352,0.010308702
6,18,2005,-0.253580544,0.364640472,0.296677523
6,22,2005,-0.388207438,0.450366829,0.539944562
7,6,2005,-0.292621434,0.336833787,0.128225334
7,28,2005,-0.168987971,0.160023632,-0.056485116
8,2,2005,-0.073875704,0.078793231,-0.045024096
8,18,2005,-0.090357681,0.264906086,-0.065483674
8,26,2005,0.153690184,0.283018195,-0.044170249
8,29,2005,0.009540416,0.177688533,-0.083071497
9,14,2005,0.125965684,0.27972738,-0.025418043
9,21,2005,0.068084372,0.273540839,-0.004668817
9,28,2005,0.026503742,0.437286915,-0.02052725
10,21,2005,-0.140388679,0.041454123,0.340140847
11,15,2005,-0.322264421,0.081176801,0.191404348
12,5,2005,-0.091157779,0.158058028,0.122878234
2,15,2006,-0.50081463,-0.048895613,-0.114469173
3,28,2006,-0.50953075,-0.23694314,-0.06884711
4,5,2006,-0.315787546,-0.118874701,0.450330376
4,18,2006,-0.345934248,-0.232411476,0.184618291
4,26,2006,-0.437552639,0.199003322,-0.011093323
5,3,2006,-0.317268981,0.164427844,-0.602216725
5,10,2006,-0.240568934,0.05959351,-0.377446823
5,15,2006,-0.085348565,-0.125370096,-0.471691444
5,30,2006,0.089014749,-0.036520214,0.105844602
6,7,2006,0.084231184,0.167359848,0.2578787
6,13,2006,0.177086173,0.079272168,-0.022747128
6,15,2006,-0.002109563,0.033326961,-0.002963927
6,28,2006,0.125437424,0.130863691,-0.010011841
6,29,2006,0.146405894,0.077531232,-0.089862839
7,6,2006,0.105537332,0.067561965,-0.287947617
7,13,2006,0.245067121,0.010288469,-0.086655509
8,1,2006,0.23749729,-0.082999207,-0.218968972
8,10,2006,0.222736197,-0.003894911,-0.176566567
8,23,2006,0.212879437,0.084230998,-0.204352075
8,29,2006,0.177685658,0.05457423,0.038417416
9,13,2006,0.064970913,0.151827813,-0.225373419
9,18,2006,0.101203583,0.041733725,-0.086657863
9,26,2006,0.264129558,0.0967433,-0.08824971
9,28,2006,0.027676629,0.012417431,-0.105835299
10,12,2006,0.239378255,-0.045146217,0.435725518
10,31,2006,0.130424669,-0.100026416,-0.165757417
11,29,2006,-0.656016139,-0.043441984,0.097041311
12,5,2006,-0.537009262,-0.118731903,0.199038916
1,12,2007,-0.606940982,-0.031505791,0.132589653
1,24,2007,-0.449371416,-0.226015773,0.10685934
2,13,2007,-0.182022227,0.03242947,0.169051876
3,5,2007,-0.569301649,-0.359660056,0.120510467
3,14,2007,-0.427680613,-0.402583264,0.218151086
3,22,2007,-0.118785011,-0.636669813,0.452083033
3,30,2007,0.18447283,-0.201638583,0.378937757
4,19,2007,-0.072954901,-0.566224619,-0.015094994
5,4,2007,0.188513135,-0.384644423,0.108174355
5,15,2007,0.505238907,-0.061513568,0.092264378
5,30,2007,0.365951592,-0.151622386,-0.279070213
6,12,2007,0.413712328,0.206061859,0.09450128
6,27,2007,0.57662743,0.066896441,-0.050580287
6,28,2007,0.542351992,0.041805929,0.077973978
6,30,2007,0.443350582,0.074989234,0.006706855
7,3,2007,0.509527786,0.093867654,-0.182468347
7,14,2007,0.393691797,0.038884118,-0.065132889
7,28,2007,0.40916612,0.21233297,-0.028379207
8,7,2007,0.318846873,0.138387869,-0.107484545
8,15,2007,0.458390529,0.192202055,-0.084266646
8,30,2007,0.260556445,0.135945597,-0.045212115
9,12,2007,0.30344124,0.157457937,0.077877619
9,24,2007,0.272162598,0.296749531,0.083818987
10,12,2007,0.32579979,0.224701747,0.200460869
10,23,2007,-0.451489848,-0.312905016,0.051748007
11,7,2007,-0.122770464,0.122732433,-0.378862397
11,20,2007,0.110654115,-0.197637063,0.448598076
12,10,2007,0.146643322,-0.40325648,-0.113510287
2,12,2008,-0.182972274,-0.34759788,0.005322029
2,17,2008,-0.069616937,-0.46034074,0.272181002
3,4,2008,0.122696367,-0.376542554,-0.044222375
3,18,2008,0.406144682,-0.210982396,-0.020283002
3,21,2008,0.09723858,-0.411835075,0.004614737
3,31,2008,0.584218299,-0.149054296,0.060257756
4,12,2008,0.324297929,-0.161910562,-0.066388155
4,22,2008,0.33828061,0.029638284,-0.35891281
5,1,2008,0.507247687,-0.355772349,0.241556508
5,9,2008,0.535138596,-0.217983089,-0.315924753
5,21,2008,0.321631293,-0.048157365,-0.038234267
5,27,2008,0.526276597,0.086875112,-0.186297362
6,11,2008,0.56208201,0.054912922,-0.041941561
6,24,2008,0.673511872,0.082746796,-0.047325166
6,29,2008,0.57569733,0.11330425,-0.237490236
7,1,2008,0.479832875,0.040201875,-0.273983367
7,12,2008,0.498751191,0.093982067,-0.253860197
7,18,2008,0.471072531,0.008621403,-0.24633708
7,28,2008,0.47303699,0.07848267,-0.35340404
8,5,2008,0.501113788,0.092201412,-0.313598908
8,12,2008,0.606702624,-0.033051481,-0.150903124
8,22,2008,0.4667439,-0.086202805,-0.116135844
9,8,2008,0.363298763,-0.063615685,-0.071235233
9,16,2008,0.392904426,0.029535844,-0.010985186
9,23,2008,0.381596836,0.071379641,-0.108640037
10,1,2008,0.308528521,0.152041593,-0.304193334
10,12,2008,0.23288411,0.007585133,0.153234058
10,22,2008,0.314634627,0.03611075,-0.04458619
10,27,2008,0.215427346,0.157422795,-0.259846451
11,19,2008,-0.192546564,-0.184650228,-0.105655905
11,24,2008,-0.164956079,-0.30243665,0.168814441
12,8,2008,-0.401811054,-0.217725173,-0.197438653
1,14,2009,-0.189772647,-0.187049331,0.101928155
1,23,2009,-0.102985187,-0.115660214,-0.300250678
2,4,2009,-0.265081951,-0.28581698,-0.221663545
2,17,2009,-0.135296633,-0.266955475,0.026433476
3,6,2009,0.112102037,-0.743620301,0.235755533
3,24,2009,0.279427504,-0.606544772,0.449651266
4,4,2009,0.221191764,-0.057839577,0.209576684
4,23,2009,0.342928597,-0.173018317,-0.354112556
5,7,2009,0.610523306,-0.112712519,0.039474577
5,16,2009,0.344691995,-0.371361055,-0.048737824
5,26,2009,0.536286576,0.186258562,-0.173078087
6,2,2009,0.413105962,0.19561167,-0.210640355
6,14,2009,0.470180507,0.096774277,-0.199605237
6,30,2009,0.584156295,0.229900277,-0.135509188
7,8,2009,0.569350671,0.097741843,-0.094452522
7,12,2009,0.487576549,-0.015933443,-0.263604834
7,23,2009,0.487404894,0.113660886,-0.21753243
7,28,2009,0.411724488,0.122471163,-0.010038508
8,14,2009,0.335159031,-0.13032347,-0.169701771
8,27,2009,0.380875252,0.083795813,-0.102956657
9,10,2009,0.452834278,-0.084043225,-0.144084242
9,22,2009,0.384668793,0.082748247,0.32555073
9,29,2009,0.268306442,0.060703356,0.3776251
10,5,2009,0.28991555,-0.073991592,-0.410624837
10,19,2009,0.305419833,-0.058251435,0.556668702
11,4,2009,-0.008682311,0.268245402,0.38559836
11,10,2009,0.034403926,-0.109805617,0.387658697
12,1,2009,-0.043589352,0.131052226,0.394310431
12,23,2009,-0.484853501,-0.198434922,-0.212585519
2,9,2010,-0.835712146,-0.099981636,0.150987797
2,22,2010,-0.747187772,-0.026036873,0.044123008
3,19,2010,-0.370036313,-0.086752974,-0.031978508
4,11,2010,-0.507891927,0.171084224,0.343202482
5,5,2010,-0.226284031,0.236052313,0.222198031
5,15,2010,-0.108409782,0.108096664,-0.14980043
5,30,2010,-0.081345529,0.083007949,0.271362646
6,4,2010,-0.246080988,0.270027952,-0.120192534
6,18,2010,0.099373673,0.460624002,0.112891447
6,26,2010,0.316135119,0.200669834,-0.196065138
6,28,2010,0.105595089,0.012705559,-0.307619613
7,8,2010,0.529496456,0.19319934,0.11292928
7,15,2010,0.167919723,0.251702353,-0.066036205
7,20,2010,0.150039522,0.168479395,-0.098662731
7,29,2010,0.269902116,0.024056303,0.025065746
8,7,2010,0.32449466,0.163140123,-0.043831536
8,10,2010,0.369880717,0.278572783,-0.063078267
8,18,2010,0.427400389,0.233080699,0.157422775
9,3,2010,0.382688792,0.260527714,0.000298771
9,9,2010,0.303066354,0.197916415,-0.022257848
9,20,2010,0.297109933,0.167914811,0.184933733
9,28,2010,0.306922135,-0.021146548,0.476102506
10,6,2010,0.174324597,0.285182925,0.25436947
10,19,2010,0.29154742,0.143753622,0.310837225
11,4,2010,-0.041222287,-0.226099951,0.557239774
11,24,2010,0.015210882,0.28193949,0.324653824
1,10,2011,-0.544685072,-0.19406304,0.05733413
1,25,2011,-0.346877643,-0.287248725,0.167198872
2,10,2011,-0.328574123,-0.059275162,-0.234020856
2,26,2011,-0.407524437,-0.423058447,-0.200698414
3,23,2011,0.294106559,-0.429465013,0.028675221
4,8,2011,0.081445327,-0.104787288,-0.203879414
4,17,2011,0.313596175,-0.339463239,0.171976443
5,9,2011,0.15074659,-0.174018364,-0.062167906
5,18,2011,0.2113844,-0.336113211,0.026961555
6,8,2011,0.428345995,-0.184974293,-0.193168287
6,22,2011,0.410885308,-0.170162813,-0.088149315
6,27,2011,0.438370254,-0.167904584,-0.316734586
7,6,2011,0.308982012,0.036121796,-0.064863523
7,22,2011,0.468389355,-0.002586091,0.078061847
8,4,2011,0.429342409,-0.083978644,0.021915016
8,17,2011,0.489393688,0.042050842,0.053636901
9,1,2011,0.501008373,0.00043728,0.083482876
9,13,2011,0.609593104,-0.190541194,0.112183818
9,20,2011,0.599093078,-0.200299883,0.080409059
9,26,2011,0.425919576,0.008967813,0.330350227
9,29,2011,0.377395043,-0.058336209,0.117822992
10,15,2011,-0.291160555,-0.170098526,0.267449548
10,26,2011,-0.020151299,-0.114830523,-0.156069687
11,29,2011,-0.53409612,-0.129877163,-0.232884992
12,10,2011,-0.273054873,-0.051614247,-0.10186487
1,8,2012,-0.281003201,-0.224727021,0.00957849
2,24,2012,-0.13429984,-0.010427463,0.041188918
3,7,2012,0.051504645,0.096731301,0.083066607
3,25,2012,0.143009382,-0.23221161,-0.029536339
4,7,2012,-0.168310349,-0.302280319,-0.025433717
4,14,2012,-0.390752936,-0.441909516,-0.139406994
5,4,2012,0.205503045,-0.289949243,0.205911065
5,19,2012,0.468296636,0.173855969,-0.326260067
5,29,2012,0.561878352,-0.271499346,0.055228176
6,10,2012,0.642294117,0.081549274,0.085689416
6,25,2012,0.567116143,0.077591979,-0.172579899
6,28,2012,0.400460809,0.005815587,-0.013236906
7,7,2012,0.478708615,0.076984404,-0.048423911
7,20,2012,0.546708807,0.125721633,0.011729527
8,7,2012,0.391294145,0.01024354,-0.001582514
8,21,2012,0.533947178,0.126651747,-0.200611622
9,6,2012,0.277597952,0.031101752,-0.190237977
9,16,2012,0.218782898,0.015531964,-0.139190781
9,29,2012,0.448735558,-0.130972367,0.143777912
10,7,2012,0.236777425,-0.452028669,-0.208638421
10,25,2012,0.262563871,0.029702372,0.480760772
11,13,2012,-0.603707215,-0.11591988,-0.097303516
11,26,2012,-0.589662742,-0.170559469,-0.055364175
12,30,2012,-0.694496714,-0.319958674,-0.202658249
1,14,2013,-0.596669926,-0.261244531,-0.004364278
2,14,2013,-0.165200351,-0.211437521,-0.120473518
3,1,2013,-0.110823436,-0.231632616,0.233011438
3,3,2013,-0.161864166,-0.309185442,-0.23103548
3,10,2013,-0.042409412,-0.226139995,-0.203084272
3,18,2013,-0.072803304,-0.13898969,0.09224093
4,1,2013,0.221870439,-0.218448336,-0.019939761
4,16,2013,0.223581996,-0.141753802,0.0918996
4,27,2013,0.230664906,-0.175205499,-0.294022151
5,8,2013,0.368143005,0.027159155,-0.098925652
5,30,2013,0.587259953,-0.070260092,0.061809528
6,7,2013,0.628094319,0.031880307,0.056594536
6,19,2013,0.591586255,-0.020832942,0.037919867
6,27,2013,0.416448737,0.003937355,0.124754891
7,9,2013,0.382215842,0.011856534,0.01847964
7,23,2013,0.389171508,0.058163156,-0.142198085
7,29,2013,0.657858893,0.038528979,0.015448106
8,9,2013,0.518169463,0.088723869,-0.226666267
8,25,2013,0.618045022,0.021720981,0.028266062
9,11,2013,0.437704254,0.014747618,0.117912637
9,26,2013,0.240943648,-0.048132644,0.372347556
10,4,2013,-0.192490201,-0.019706814,-0.028314162
10,22,2013,-0.144713051,-0.0904164,-0.039258967
11,9,2013,0.157556985,-0.009672687,0.36148682
11,22,2013,-0.225185739,-0.052680435,0.099365847
12,9,2013,-0.487613549,-0.079996428,-0.160438339
1,16,2014,0.05265337,-0.371294262,0.137318613
2,4,2014,0.025891543,-0.37541008,-0.063202893
2,23,2014,-0.162850621,-0.464852237,0.135840663
4,1,2014,0.120535143,-0.310663115,0.280657697
4,8,2014,0.416736833,-0.28671763,0.107903172
4,25,2014,0.037525704,-0.38293098,0.104706696
5,6,2014,0.235254866,-0.315467011,0.170417153
5,19,2014,0.021517895,-0.072246422,-0.030435674
6,11,2014,0.508477292,0.087326319,0.14446982
6,27,2014,0.389434062,0.091093978,0.141749344
7,6,2014,0.379261017,0.107405313,0.229641297
7,22,2014,0.382714048,-0.002060398,-0.046538636
8,6,2014,0.32848001,0.032072651,0.029106692
8,20,2014,0.472568879,0.103219767,0.003466307
9,7,2014,0.438098468,0.143578905,0.0173825
9,25,2014,0.021583518,-0.051161806,-0.149355575
9,30,2014,-0.49123622,0.068467216,-0.194333356
10,8,2014,-0.310454679,0.272952551,-0.257990031
10,27,2014,-0.732149093,0.075980813,0.317759924
11,7,2014,-0.934139744,0.177821201,0.441691803
11,8,2014,-0.75548717,0.110759575,0.4026656
1,1,2015,-0.757220975,0.125161869,-0.041207928
1,6,2015,-0.771999651,-0.13282892,-0.221978029
1,21,2015,-0.63188787,-0.005784974,-0.33502794
1,31,2015,-0.746768589,0.005305838,-0.227981551
2,4,2015,-0.628644677,0.102897653,-0.294284251
2,18,2015,-0.738446579,0.081804786,-0.22319867
3,4,2015,-0.544452129,0.116128086,-0.303727562
3,26,2015,-0.737874143,0.030788535,-0.278189473
4,7,2015,-0.908854869,0.135760117,-0.270447899
4,27,2015,-0.381772375,0.339267831,-0.433469459
5,7,2015,-0.322862651,0.255538986,-0.188825966
5,13,2015,-0.107877031,0.257354816,-0.224305605
5,19,2015,-0.177574761,0.20391133,-0.265686912
6,10,2015,-0.130846227,0.137623122,-0.281482193
6,16,2015,0.051887013,0.209440836,-0.309176319
6,28,2015,-0.118761007,0.106210509,-0.186999014
7,3,2015,-0.053505107,0.197973947,-0.129933919
7,15,2015,-0.019292317,0.336096067,-0.082568017
7,26,2015,-0.153892958,0.255376975,-0.121918284
8,8,2015,-0.034160541,0.359597006,-0.199723441
8,10,2015,-0.136711405,-0.015776179,0.116937487
8,26,2015,-0.14934288,0.178997593,-0.180494855
9,3,2015,-0.460039152,0.32398512,-0.014545277
9,16,2015,-0.409293644,0.261495185,-0.153053245
9,23,2015,-0.398603829,0.280084735,0.118442633
9,29,2015,-0.398162751,0.345762518,-0.098769285
10,7,2015,-0.394074921,0.481735105,0.089521399
10,13,2015,-0.723166112,0.434927777,-0.062615534
11,3,2015,-0.837321103,0.320059341,0.313214053
1,8,2016,-0.95744146,-0.00748558,-0.192997786
1,23,2016,-0.975809804,-0.056262014,-0.118509876
2,17,2016,-1.024227613,-0.030902399,-0.056145821
3,11,2016,-0.992994184,-0.006438918,-0.147081905
3,22,2016,-0.948739288,-0.01380757,-0.226364275
3,26,2016,-0.941811915,0.060196218,-0.009457525
4,18,2016,-0.877967361,0.299531305,-0.033326831
4,26,2016,-0.925128894,0.203811103,-0.193659214
4,28,2016,-0.875777991,0.24774367,0.02816185
5,12,2016,-0.810962238,0.190848792,-0.253576842
5,24,2016,-0.637705596,0.371056319,-0.093574812
6,12,2016,-0.34593838,0.243230668,-0.223978323
6,23,2016,-0.348222506,0.298079227,-0.199854229
6,29,2016,-0.257929517,0.166898562,-0.089885766
7,7,2016,-0.272632662,0.228371484,-0.133543281
8,1,2016,-0.210880092,0.309331675,-0.04250266
8,21,2016,-0.046052289,0.21894271,-0.136675529
9,6,2016,-0.140844912,0.404725399,0.127698884
9,20,2016,-0.263053826,0.412101556,-0.049760368
10,11,2016,-0.341314032,0.353480469,0.126115778
11,18,2016,-0.896764186,-0.007277917,0.078606058
12,6,2016,-0.871320521,-0.062737187,0.027750355
1,12,2017,-0.919228081,-0.199656943,-0.00963829
2,1,2017,-0.968701934,0.042354813,0.135506808
2,17,2017,-0.847675835,0.053976523,0.044348011
2,25,2017,-1.022297354,0.017027852,0.062923348
3,20,2017,-0.897101461,0.224024543,-0.128245189
4,11,2017,-0.888498409,0.209967365,0.033966986
4,27,2017,-0.874152562,0.073690465,0.123754222
5,21,2017,-0.700169131,0.12351943,-0.306561349
6,12,2017,-0.41226558,0.192032871,0.154487863
7,6,2017,-0.068273212,0.266163831,-0.440228532
7,12,2017,0.162568431,0.192492813,-0.040295711
7,27,2017,0.093947024,0.239146033,0.030277109
8,8,2017,0.213952,0.047845966,-0.330772303
9,6,2017,0.256230489,0.365693224,0.136169699
9,22,2017,0.075732108,0.316631159,0.337232877
10,4,2017,0.043630459,0.308456896,0.337526657
10,26,2017,-0.08596232,0.082663763,0.13474485
11,6,2017,-0.192610409,0.398323934,0.052950937
12,4,2017,-0.456009499,0.040710493,0.31668164
12,18,2017,-0.460819308,-0.154593578,0.218316508
2,6,2018,-0.684739432,-0.064991953,0.221093192
2,27,2018,-0.350357472,0.08400277,-0.187629509
3,5,2018,-0.439719654,-0.088459502,0.266028295
3,18,2018,-0.151940321,0.231898368,0.115997279
4,9,2018,-0.133689897,0.26756376,0.166986748
4,23,2018,-0.224824873,0.340792989,0.21251254
5,7,2018,-0.10098019,-0.001068139,0.120596054
5,21,2018,-0.105632984,0.095817328,-0.080142518
5,29,2018,0.097529155,0.120861223,-0.286234054
6,6,2018,0.095356137,0.368501939,-0.269248476
6,27,2018,0.212097518,0.06937189,0.06110557
7,10,2018,0.128774904,0.188223416,0.137358484
7,17,2018,0.262179094,0.077416244,0.081409371
8,21,2018,0.347039955,0.044515942,0.118073673
9,20,2018,0.115656,0.105316423,0.402881107
9,27,2018,0.599540244,-0.0868078,0.128720292
10,11,2018,0.363141126,0.207374979,0.42076734
10,15,2018,0.388210733,0.041212664,0.25206798
11,8,2018,0.248140053,0.395278355,0.456612708
12,6,2018,-0.258626567,-0.158513779,-0.411549716
1,13,2019,-0.695612975,-0.095588006,-0.15659688
2,18,2019,-0.788781551,-0.096748777,-0.064783387
3,4,2019,-0.276657285,0.188635256,-0.077965703
3,31,2019,-0.346656116,0.092179223,0.367693095
4,18,2019,-0.262606638,0.237310073,0.191321512
4,29,2019,-0.27207791,-0.024897345,-0.224060105
5,7,2019,-0.096207738,0.1737663,-0.083355444
5,24,2019,-0.029103203,0.163883016,0.088537037
6,5,2019,0.158003414,0.444059119,-0.20130873
6,17,2019,0.41482774,0.128477906,-0.082004149
6,27,2019,0.343118837,0.16069143,-0.089875824
7,10,2019,0.670736614,0.132209115,-0.008940914
7,23,2019,0.14601763,0.026228095,0.078278949
8,25,2019,0.322734749,0.083546717,0.216710148
9,11,2019,0.079563833,0.029717451,0.140022809
9,20,2019,-0.344378116,0.040608757,0.449512069
9,26,2019,-0.323835527,-0.05983834,0.303336842
10,11,2019,-0.342677379,-0.013034428,0.232676355
10,24,2019,-0.321676462,0.074985149,0.012833292
11,6,2019,-0.579209143,0.265121422,-0.188037994
11,21,2019,-0.461696681,0.089754856,0.28215737
12,4,2019,-0.340948934,0.287673616,0.116436859
2,4,2020,-0.598701413,-0.225076257,0.230232367
2,19,2020,-0.08058894,-0.338879331,-0.221835178
3,15,2020,-0.01020442,-0.158907524,-0.281641403
4,6,2020,0.033350156,-0.402723411,0.0815474
5,14,2020,0.39126365,-0.244284563,0.103562517
6,15,2020,0.493047573,-0.313088642,-0.118314017
6,27,2020,0.530365624,-0.006323854,-0.062219468
7,16,2020,0.532877857,0.005778786,-0.056527277
7,23,2020,0.483417483,0.064974828,0.072220377
8,5,2020,0.616796227,-0.000900417,-0.000835979
8,23,2020,0.414562818,0.113736342,0.056539038
9,21,2020,0.261946665,-0.235681478,-0.275436019
9,30,2020,-0.389780977,-0.05647132,0.279161591
10,19,2020,-0.079530862,-0.006256405,-0.173406303
11,20,2020,-0.357486349,-0.033436352,0.295341846
12,10,2020,-0.453623404,-0.243227846,-0.187674619
12,23,2020,-0.481413941,-0.203925244,0.019610773
